                  epoch,         train/box_loss,         train/seg_loss,         train/cls_loss,         train/dfl_loss,   metrics/precision(B),      metrics/recall(B),       metrics/mAP50(B),    metrics/mAP50-95(B),   metrics/precision(M),      metrics/recall(M),       metrics/mAP50(M),    metrics/mAP50-95(M),           val/box_loss,           val/seg_loss,           val/cls_loss,           val/dfl_loss,                 lr/pg0,                 lr/pg1,                 lr/pg2
                      0,                 2.1293,                 3.7002,                 7.7951,                  2.319,                0.00648,                0.82727,                0.05743,                0.01664,                0.00082,                0.11212,                0.00115,                0.00021,                 2.0547,                 1.9319,                 6.9172,                 3.2229,             0.00021671,             0.00021671,             0.00021671
                      1,                 1.5597,                  1.162,                  6.001,                  1.904,                0.00576,                0.82828,                0.10287,                0.04443,                0.00557,                0.80202,                0.11698,                0.03877,                 1.8577,                0.75435,                 6.6545,                  2.824,             0.00044372,             0.00044372,             0.00044372
                      2,                 1.5642,                 1.0356,                   5.61,                 1.8187,                0.00655,                0.85354,                0.06923,                0.02489,                0.00525,                0.66313,                0.08374,                0.02117,                 1.9867,                0.91433,                 6.7347,                 2.7371,             0.00066414,             0.00066414,             0.00066414
