{"train/box_loss": 1.65158, "train/seg_loss": 0.98498, "train/cls_loss": 5.03374, "train/dfl_loss": 1.85335, "_timestamp": 1693268572.6245654, "lr/pg0": 0.0010851598457142857, "lr/pg1": 0.0010851598457142857, "lr/pg2": 0.0010851598457142857, "metrics/precision(B)": 0.10815, "metrics/recall(B)": 0.10202, "metrics/mAP50(B)": 0.07298, "metrics/mAP50-95(B)": 0.02788, "metrics/precision(M)": 0.12211, "metrics/recall(M)": 0.11474, "metrics/mAP50(M)": 0.06238, "metrics/mAP50-95(M)": 0.02084, "val/box_loss": 2.01883, "val/seg_loss": 0.81355, "val/cls_loss": 6.18304, "val/dfl_loss": 2.83685, "labels": {"_type": "image-file", "sha256": "c0492eb3aeee319644c85a0dcc2de5bd1176c231b09a18f0b4e71e3abd6fb495", "size": 142760, "path": "media/images/labels_1_c0492eb3aeee319644c8.jpg", "format": "jpg", "width": 1600, "height": 1600}, "train_batch0": {"_type": "image-file", "sha256": "44a28189ec675721eb02fc85192a3d44a26ce4482c9529e63c70893d60cb0e5f", "size": 413020, "path": "media/images/train_batch0_1_44a28189ec675721eb02.jpg", "format": "jpg", "width": 1920, "height": 1920}, "train_batch1": {"_type": "image-file", "sha256": "3bbed46c7014292b1c1a8346c0810cf99766969e6cc862f537e5035a5137bc3b", "size": 396670, "path": "media/images/train_batch1_1_3bbed46c7014292b1c1a.jpg", "format": "jpg", "width": 1920, "height": 1920}, "train_batch2": {"_type": "image-file", "sha256": "0a51c8a99b7bb5e412dd9fc532848f769ac99e60480a366d97a3b565e42eac74", "size": 427455, "path": "media/images/train_batch2_1_0a51c8a99b7bb5e412dd.jpg", "format": "jpg", "width": 1920, "height": 1920}, "model/parameters": 3264006, "model/GFLOPs": 0.0, "model/speed_PyTorch(ms)": 7.756, "_runtime": 1583.3047773838043, "_step": 5, "_wandb": {"runtime": 1802}}