{"train/box_loss": 1.54245, "train/seg_loss": 0.97591, "train/cls_loss": 4.83763, "train/dfl_loss": 1.7921, "_timestamp": 1693270459.1232176, "lr/pg0": 0.0010851598457142857, "lr/pg1": 0.0010851598457142857, "lr/pg2": 0.0010851598457142857, "metrics/precision(B)": 0.13091, "metrics/recall(B)": 0.15455, "metrics/mAP50(B)": 0.11194, "metrics/mAP50-95(B)": 0.04229, "metrics/precision(M)": 0.15883, "metrics/recall(M)": 0.18081, "metrics/mAP50(M)": 0.13015, "metrics/mAP50-95(M)": 0.0421, "val/box_loss": 1.85633, "val/seg_loss": 1.31973, "val/cls_loss": 5.32162, "val/dfl_loss": 2.4536, "labels": {"_type": "image-file", "sha256": "c0492eb3aeee319644c85a0dcc2de5bd1176c231b09a18f0b4e71e3abd6fb495", "size": 142760, "path": "media/images/labels_1_c0492eb3aeee319644c8.jpg", "format": "jpg", "width": 1600, "height": 1600}, "train_batch0": {"_type": "image-file", "sha256": "44a28189ec675721eb02fc85192a3d44a26ce4482c9529e63c70893d60cb0e5f", "size": 413020, "path": "media/images/train_batch0_1_44a28189ec675721eb02.jpg", "format": "jpg", "width": 1920, "height": 1920}, "train_batch1": {"_type": "image-file", "sha256": "3bbed46c7014292b1c1a8346c0810cf99766969e6cc862f537e5035a5137bc3b", "size": 396670, "path": "media/images/train_batch1_1_3bbed46c7014292b1c1a.jpg", "format": "jpg", "width": 1920, "height": 1920}, "train_batch2": {"_type": "image-file", "sha256": "0a51c8a99b7bb5e412dd9fc532848f769ac99e60480a366d97a3b565e42eac74", "size": 427455, "path": "media/images/train_batch2_1_0a51c8a99b7bb5e412dd.jpg", "format": "jpg", "width": 1920, "height": 1920}, "model/parameters": 3264006, "model/GFLOPs": 0.0, "model/speed_PyTorch(ms)": 7.162, "_runtime": 1501.9113836288452, "_step": 5}