{"acc": 0.7369003748178695, "loss": 0.2728550160652995, "_timestamp": 1692399160.0273008, "_runtime": 10.304802894592285, "_step": 7, "_wandb": {"runtime": 9}}