                  epoch,         train/box_loss,         train/seg_loss,         train/cls_loss,         train/dfl_loss,   metrics/precision(B),      metrics/recall(B),       metrics/mAP50(B),    metrics/mAP50-95(B),   metrics/precision(M),      metrics/recall(M),       metrics/mAP50(M),    metrics/mAP50-95(M),           val/box_loss,           val/seg_loss,           val/cls_loss,           val/dfl_loss,                 lr/pg0,                 lr/pg1,                 lr/pg2
                      0,                 2.1343,                 3.6994,                 7.8035,                 2.3201,                0.00627,                0.78636,                0.06194,                0.01649,                0.00073,                 0.0899,                0.00051,                  8e-05,                 2.0974,                 2.0946,                 6.8324,                 3.2758,             0.00021671,             0.00021671,             0.00021671
                      1,                 1.5522,                   1.16,                 5.9581,                 1.9059,                0.00644,                0.51414,                0.04791,                0.01604,                 0.0064,                0.49949,                0.06603,                 0.0257,                 2.0433,                0.75928,                 6.8376,                 2.9456,             0.00042781,             0.00042781,             0.00042781
                      2,                 1.5768,                 1.0169,                  5.602,                 1.8396,                0.00481,                0.68687,                0.07363,                0.02452,                0.00569,                0.80253,                0.10817,                0.03637,                 2.4109,                0.88024,                 6.9736,                 4.1309,             0.00061581,             0.00061581,             0.00061581
