{"train/box_loss": 0.65287, "train/seg_loss": 0.41095, "train/cls_loss": 1.17037, "train/dfl_loss": 0.8878, "_timestamp": 1692816857.2029142, "lr/pg0": 0.0005117690000000001, "lr/pg1": 0.0005117690000000001, "lr/pg2": 0.0005117690000000001, "metrics/precision(B)": 0.67856, "metrics/recall(B)": 0.56515, "metrics/mAP50(B)": 0.6187, "metrics/mAP50-95(B)": 0.39573, "metrics/precision(M)": 0.71349, "metrics/recall(M)": 0.59495, "metrics/mAP50(M)": 0.64518, "metrics/mAP50-95(M)": 0.32836, "val/box_loss": 1.28954, "val/seg_loss": 0.58057, "val/cls_loss": 1.89988, "val/dfl_loss": 1.25014, "labels": {"_type": "image-file", "sha256": "c0492eb3aeee319644c85a0dcc2de5bd1176c231b09a18f0b4e71e3abd6fb495", "size": 142760, "path": "media/images/labels_1_c0492eb3aeee319644c8.jpg", "format": "jpg", "width": 1600, "height": 1600}, "train_batch0": {"_type": "image-file", "sha256": "10cd06eebdf664e1f31afac682fbfa423876a149b195ba8532e45e16520f1239", "size": 381316, "path": "media/images/train_batch0_1_10cd06eebdf664e1f31a.jpg", "format": "jpg", "width": 1920, "height": 1920}, "train_batch1": {"_type": "image-file", "sha256": "e093de5f15910a606a77149169d663628ca7a7c7b175c436309663d355e9744b", "size": 397471, "path": "media/images/train_batch1_1_e093de5f15910a606a77.jpg", "format": "jpg", "width": 1920, "height": 1920}, "train_batch2": {"_type": "image-file", "sha256": "165b619a4e370b94f5bca0386add40f1213666a3c90abe576f3fe8ba7c38db1b", "size": 404338, "path": "media/images/train_batch2_1_165b619a4e370b94f5bc.jpg", "format": "jpg", "width": 1920, "height": 1920}, "model/parameters": 3264006, "model/GFLOPs": 0.0, "model/speed_PyTorch(ms)": 1.57, "_runtime": 46.17410230636597, "_step": 9}